{"cameraMode":{"drawMode":0,"name":"Shaded","section":"Shading Mode"},"sceneLighting":true,"audioPlay":false,"sceneViewState":{"showFog":true,"showMaterialUpdate":false,"showSkybox":false,"showFlares":true,"showImageEffects":true,"showParticleSystems":true},"in2DMode":false,"pivot":{"x":-2.4600000381469728,"y":0.9449999928474426,"z":-4.239999771118164},"rotation":{"x":0.07717681676149368,"y":-0.9092393517494202,"z":0.1952272206544876,"w":0.35948917269706728},"size":2.400017261505127,"orthographic":false}