{"cameraMode":{"drawMode":0,"name":"Shaded","section":"Shading Mode"},"sceneLighting":true,"audioPlay":false,"sceneViewState":{"showFog":true,"showMaterialUpdate":false,"showSkybox":true,"showFlares":true,"showImageEffects":true,"showParticleSystems":true},"in2DMode":false,"pivot":{"x":1.887002944946289,"y":-4.813312530517578,"z":1.624929428100586},"rotation":{"x":-0.16556699573993684,"y":0.8319065570831299,"z":-0.4083501100540161,"w":-0.33729931712150576},"size":36.85871124267578,"orthographic":false}