{"cameraMode":{"drawMode":0,"name":"Shaded","section":"Shading Mode"},"sceneLighting":true,"audioPlay":false,"sceneViewState":{"showFog":true,"showMaterialUpdate":false,"showSkybox":true,"showFlares":true,"showImageEffects":true,"showParticleSystems":true},"in2DMode":false,"pivot":{"x":12.985694885253907,"y":-4.691182613372803,"z":7.981136322021484},"rotation":{"x":-0.12656207382678986,"y":-0.43037787079811098,"z":0.06108859181404114,"w":-0.8916465044021606},"size":12.985106468200684,"orthographic":false}