{"cameraMode":{"drawMode":0,"name":"Shaded","section":"Shading Mode"},"sceneLighting":true,"audioPlay":false,"sceneViewState":{"showFog":true,"showMaterialUpdate":false,"showSkybox":true,"showFlares":true,"showImageEffects":true,"showParticleSystems":true},"in2DMode":false,"pivot":{"x":-2.8602964878082277,"y":3.164214611053467,"z":-14.507681846618653},"rotation":{"x":0.00016723378212191164,"y":-0.9997867345809937,"z":0.008998217061161995,"w":0.01950698532164097},"size":7.984675884246826,"orthographic":false}