{"cameraMode":{"drawMode":0,"name":"Shaded","section":"Shading Mode"},"sceneLighting":true,"audioPlay":false,"sceneViewState":{"showFog":true,"showMaterialUpdate":false,"showSkybox":true,"showFlares":true,"showImageEffects":true,"showParticleSystems":true},"in2DMode":false,"pivot":{"x":1.2071647644042969,"y":-1.8821983337402344,"z":0.10792922973632813},"rotation":{"x":-0.0886833667755127,"y":0.8975884318351746,"z":-0.21140466630458833,"w":-0.37653428316116335},"size":44.834449768066409,"orthographic":false}